BC1,BC2,BC3,Count,Frequency
ACACTCTCTGTGTCTGTGTG,GACACTCTGTCACTCAGTCT,CTGACTGTCAGTGTCAGACA,4,0.006734006734006734
GTGAGTCAGTCAGAGAGACA,AGTCAGTGAGAGAGAGTGAC,GTGTCACACTCAGACTCTCA,4,0.006734006734006734
AGTCTGACTGACAGTGACTG,ACAGAGACTCTCAGTCACAC,ACTGTCAGTCTGTCTGAGTG,1,0.0016835016835016834
GAGACTCTCTGTGAGTCTCT,AGTCTCTGAGAGAGAGTGAG,TGACTGTGTGTCACTGTGTC,1,0.0016835016835016834
GACACTCTCTGACTCAGACT,GACTGACTCTGTCAGTGTCT,CAGACAGTCTCAGACTCACT,1,0.0016835016835016834
AGTCAGAGTCACACTCAGAG,TCACACAGACAGAGACTCTG,ACTGAGACAGAGAGTCAGTG,10,0.016835016835016835
TGACAGTCTCTGAGACACTG,TGTGAGAGTCTGTCTGAGAG,CTGTGTGTCTCTGTGTGTGT,14,0.02356902356902357
GAGTGTCACACAGAGTGTCT,ACTCTCTCTCTCACTCTCAG,CAGAGACTGTGTGAGTCTGA,4,0.006734006734006734
GTGAGTCAGTCAGAGAGACA,CTGACACAGTGTCTCAGACT,GTGTGAGTCAGACAGTGTCT,4,0.006734006734006734
CACTGACTCTCAGAGAGAGT,CACTCACACTCACACAGTCA,CAGACAGTCTCAGACTCACT,1,0.0016835016835016834
AGTCTGACTGACAGTGACTG,TCACTGAGTCTCAGTGACAG,CACTGTGAGAGAGTGAGAGT,4,0.006734006734006734
AGTGTCTGTCTGAGTGACTG,TGTGAGTCAGACACTGTGTG,ACTGTCAGTCTGTCTGAGTG,2,0.003367003367003367
AGTCTGACTGACAGTGACTG,ACAGAGACTCTCAGTCACAC,ACTGAGACAGAGAGTCAGTG,5,0.008417508417508417
TGAGACTGACTGACTGAGTC,ACAGAGACTCTCAGTCACAC,ACTGTCAGTCTGTCTGAGTG,2,0.003367003367003367
CTGACAGAGACTGTCTGACA,TCACTGACTGTGACACTGTC,ACTGTCAGTCTGTCTGAGTG,1,0.0016835016835016834
TGTGTCACTCAGTGTGACTC,GAGTCACTGACACAGACTGA,CACTCAGTGACTCTGTCTGA,11,0.018518518518518517
TGTGTCACTCAGTGTGACTC,CACTCAGACTCACTCAGTGT,ACTGAGACAGAGAGTCAGTG,9,0.015151515151515152
GACTCTGAGTGAGTGTCTGA,TGTGTCTCTGTCAGTGACTC,CAGTCTGTCAGACTGAGAGT,1,0.0016835016835016834
TGAGACTGACTGACTGAGTC,ACAGAGACTCTCAGTCACAC,GACTCACACTCAGTGTCTCT,4,0.006734006734006734
GTCAGAGTGAGAGTGTGAGT,ACAGACTCTCTGAGTGACAC,ACTGTCAGTCTGTCTGAGTG,2,0.003367003367003367
TGTGACTGTCAGTGTGTGAC,GAGAGAGACTGTGACTCTGA,GACTCTGTCTGTGTGTCTGA,1,0.0016835016835016834
TGACAGTCTCTGAGACACTG,CTCTGACACTGTCACTGTGA,GTGTCACACTCAGACTCTCA,6,0.010101010101010102
GAGTGTCACACAGAGTGTCT,CTGAGACTCACAGACAGTGA,AGTGTCTCAGAGTGTGTCTG,1,0.0016835016835016834
AGACAGACACTGAGTCTCAC,TGACAGACAGACACTCAGTC,GAGACAGTGACAGAGTGTCA,14,0.02356902356902357
GTGAGAGTGTGACAGTGTGA,TGTGAGACACACTCAGTGTG,CTGTCACAGTCACAGTGACA,1,0.0016835016835016834
GACTCTGAGTGAGTGTCTGA,TGTGTCTCTGTCAGTGACTC,GAGACAGTGACAGAGTGTCA,1,0.0016835016835016834
TGTGACTGTCAGTGTGTGAC,AGACAGTGACTCTCTGTGTG,GTCTGTGTCTGACTCTCAGT,2,0.003367003367003367
CAGACTGTCTCTCAGAGTCT,TGTCTCAGAGTCACAGTGAC,TCAGAGTCACTCTGTCTGTG,1,0.0016835016835016834
ACACTCTCTGTGTCTGTGTG,TCAGTGTCACTCTCTGTGTG,GACTCTGTCTGTGTGTCTGA,1,0.0016835016835016834
CTGTCAGTGACTGTCTCAGA,ACACTCTCTCTCTCAGTGTC,GACTCACACTCAGTGTCTCT,1,0.0016835016835016834
CACTGTCACACACTGACACT,AGACTCAGTGTCACAGTCAG,GACTCACACTCAGTGTCTCT,3,0.005050505050505051
AGACAGACACTGAGTCTCAC,TGACAGACAGACACTCAGTC,ACTGAGACAGAGAGTCAGTG,2,0.003367003367003367
TCTGTGACTCTGAGACACAG,CAGTGTCACACTGAGTGTCT,CACTCAGTGACTCTGTCTGA,6,0.010101010101010102
GACTCTGAGTGAGTGTCTGA,AGAGTCTGTCACTCACACTC,ACTGAGACAGAGAGTCAGTG,2,0.003367003367003367
TGTGTCACTCAGTGTGACTC,GAGTCACTGACACAGACTGA,GTCTCACTCACTCTCTCACA,1,0.0016835016835016834
ACTGTCAGTCACAGTGTGTG,GACAGAGTCTGAGTGTGAGT,GTCACAGTCTCTCAGTGACA,3,0.005050505050505051
GACTCTGAGTGAGTGTCTGA,GTGTCAGACTCTGTCACTCT,ACTGAGACAGAGAGTCAGTG,2,0.003367003367003367
TGAGTGTCAGTCTCAGTCAG,CAGAGTGTCTCAGAGAGTGT,GAGTCTGAGACAGAGTGTGA,3,0.005050505050505051
AGACAGACACTGAGTCTCAC,TGACAGACAGACACTCAGTC,TCAGAGTCACTCTGTCTGTG,1,0.0016835016835016834
CTGTCACACAGTGAGTGTCT,TGTCTGAGTCTCACTGTCTC,TCAGAGTCACTCTGTCTGTG,2,0.003367003367003367
TCAGTGAGAGAGTGTCAGAC,CAGAGTCTCACTGTGTGACA,GAGTCTGAGACAGAGTGTGA,1,0.0016835016835016834
AGACAGACACTGAGTCTCAC,TGACAGACAGACACTCAGTC,AGACTGACTGAGTGTCACTC,1,0.0016835016835016834
TGTGACTGTCAGTGTGTGAC,CACTCTCTGACAGACTGAGT,ACTGAGACAGAGAGTCAGTG,2,0.003367003367003367
TGACAGTCTCTGAGACACTG,ACTCAGACAGACTCACTCAC,ACTGTCAGTCTGTCTGAGTG,3,0.005050505050505051
AGTCTGACTGACAGTGACTG,ACAGACAGTCTCACACACAG,CAGACAGTCTCAGACTCACT,4,0.006734006734006734
GACACTCTCTGACTCAGACT,GTCTCTGACACTGACTCACA,CACTCAGTGACTCTGTCTGA,3,0.005050505050505051
TGTGTCACTCAGTGTGACTC,TCTCACTGACAGACTCACTC,ACTGAGACAGAGAGTCAGTG,2,0.003367003367003367
GACTCTGAGTGAGTGTCTGA,CTCACACACTCTCAGAGACT,CACTCAGTGACTCTGTCTGA,1,0.0016835016835016834
AGACAGTGAGTGTGTGTCTG,AGACTCAGTGTCACAGTCAG,AGTGAGTCACACTCTGACTC,2,0.003367003367003367
AGTGTCTGTCTGAGTGACTG,CTGTCACACTGTCACTCTGA,ACAGACTGTCAGTCAGAGTC,4,0.006734006734006734
CACTGACTCTCAGAGAGAGT,AGTCTGACAGACTGACAGTG,GTCTCACTCACTCTCTCACA,3,0.005050505050505051
TGTGTCACTCAGTGTGACTC,GTGTGACACAGAGACTCTGT,GTCACAGTCTCTCAGTGACA,1,0.0016835016835016834
GACTCTGAGTGAGTGTCTGA,CACAGAGTCAGTGTCTGACA,CACTGTGAGAGAGTGAGAGT,2,0.003367003367003367
GACTCTGAGTGAGTGTCTGA,TCTCTCAGAGTCTCTCAGTG,AGACACACTCACAGAGTCTG,1,0.0016835016835016834
ACTGTCAGTCACAGTGTGTG,GACAGAGTCTGAGTGTGAGT,TCAGAGAGAGTCTCTGACAG,7,0.011784511784511785
GTGAGAGTGTGACAGTGTGA,AGACAGTGTCAGTGTCTCAG,AGACACACTCACAGAGTCTG,1,0.0016835016835016834
TGAGTGTCAGTCTCAGTCAG,GACTGTCTGAGAGAGACTGT,GACTCACACTCAGTGTCTCT,1,0.0016835016835016834
GTGTGACACTGTCAGTCACT,GTCACTGTCACTGAGACTCT,GTCACAGTCTCTCAGTGACA,1,0.0016835016835016834
CACTCAGTGACTCTGACTCA,TGACTCTGACAGAGAGAGAG,GTCACAGTCTCTCAGTGACA,2,0.003367003367003367
ACTCAGTGAGAGTGTCTGTG,TGTGAGAGTCTCACACTCAG,GACAGTCTGTGTGAGAGTGA,2,0.003367003367003367
TGTGACTGTCAGTGTGTGAC,GAGAGAGACTGTGACTCTGA,TCAGAGTCACTCTGTCTGTG,1,0.0016835016835016834
ACTCAGTGAGAGTGTCTGTG,TGTGAGAGTCTCACACTCAG,TCAGAGAGAGTCTCTGACAG,1,0.0016835016835016834
AGTGTCTGTCTGAGTGACTG,TGTGTGTCTGAGTCTCTCTG,AGTGAGTCACACTCTGACTC,1,0.0016835016835016834
GACACTCTCTGACTCAGACT,GTCTCTGACACTGACTCACA,TCAGAGTCACTCTGTCTGTG,1,0.0016835016835016834
TGACAGTCTCTGAGACACTG,TCTCTCTCACTCTCACACTC,ACTGTCAGTCTGTCTGAGTG,2,0.003367003367003367
ACTGTCAGTCACAGTGTGTG,TGACAGTCACAGAGACACAG,ACTGTCAGTCTGTCTGAGTG,2,0.003367003367003367
TCTGTGACTCTGAGACACAG,ACTCACAGTCTGACTGACAC,CACTGTGAGAGAGTGAGAGT,1,0.0016835016835016834
AGTCTGACTGACAGTGACTG,CAGACTGTCAGTGTGTCACT,GTGAGTCACAGACAGAGTGA,1,0.0016835016835016834
ACTCTCAGTGAGAGACAGAC,TGTCTGAGTCTCACTGTCTC,CAGAGACTGTGTGAGTCTGA,7,0.011784511784511785
GACTCTGAGTGAGTGTCTGA,GAGAGTGACACACTGACAGT,ACTGAGACAGAGAGTCAGTG,1,0.0016835016835016834
TGACAGTCTCTGAGACACTG,CAGAGTGTCTCAGAGAGTGT,GAGTCTGAGACAGAGTGTGA,1,0.0016835016835016834
ACACTCTCTGTGTCTGTGTG,GACACTCTGTCACTCAGTCT,ACTGAGACAGAGAGTCAGTG,4,0.006734006734006734
GTCAGAGTCAGTGAGAGTGT,CACTGACTGACTGTGTGTGT,ACTGAGACAGAGAGTCAGTG,1,0.0016835016835016834
TGACAGTCTCTGAGACACTG,CAGAGTGTCTCAGAGAGTGT,CACAGACACTCACTGTCAGT,1,0.0016835016835016834
AGTCTGACTGACAGTGACTG,CTCACACTCACTGTCAGTCA,ACTGAGACAGAGAGTCAGTG,2,0.003367003367003367
GACACTCTCTGACTCAGACT,GTCTCTGACACTGACTCACA,ACTGTCAGTCTGTCTGAGTG,2,0.003367003367003367
CACTGTCACACACTGACACT,CTGACACTGTCTGTCTGTCT,ACTGTCAGTCTGTCTGAGTG,1,0.0016835016835016834
GTCAGAGTGAGAGTGTGAGT,ACTCTGTGTCAGAGACAGAG,ACTCTCTGAGAGAGAGACTG,1,0.0016835016835016834
TGTGACTGTCAGTGTGTGAC,CACTCACACTCACACAGTCA,GAGACAGAGAGAGAGTCTGT,1,0.0016835016835016834
TGAGTGTCAGTCTCAGTCAG,TGTGTCTGTCTGTGTGTCAG,CACAGACACTCACTGTCAGT,1,0.0016835016835016834
GTGAGAGTGTGACAGTGTGA,CACAGTCTCACTCAGACTCT,ACTGTCAGTCTGTCTGAGTG,3,0.005050505050505051
CAGACTGTCTCTCAGAGTCT,TCTGTCTGAGACAGTCAGTC,GACTCACACTCAGTGTCTCT,7,0.011784511784511785
AGTGTCTGTCTGAGTGACTG,TCTCTCAGAGTCTCTCAGTG,AGACACACTCACAGAGTCTG,1,0.0016835016835016834
GTCAGAGTCAGTGAGAGTGT,CAGACACTCACACTGACACA,AGACAGTCTCAGTGTGTGTC,1,0.0016835016835016834
CAGACTGTCTCTCAGAGTCT,TCTCTCACTCAGTGTCTGTC,GACTCTGTCTGTGTGTCTGA,2,0.003367003367003367
GTCAGAGTGAGAGTGTGAGT,ACAGACTCTCTGAGTGACAC,GACTCACACTCAGTGTCTCT,1,0.0016835016835016834
GTCAGAGTCAGTGAGAGTGT,CACTGACTGACTGTGTGTGT,CACTCAGTGACTCTGTCTGA,1,0.0016835016835016834
ACTCAGTGAGAGTGTCTGTG,TGTGAGAGTCTCACACTCAG,GTGTCACACTCAGACTCTCA,1,0.0016835016835016834
TGTGTCACTCAGTGTGACTC,CACTCAGACTCACTCAGTGT,CACTCAGTGACTCTGTCTGA,2,0.003367003367003367
GTGAGTCAGTCAGAGAGACA,ACTCACAGTCTGACTGACAC,CACTGTGAGAGAGTGAGAGT,1,0.0016835016835016834
TGAGTGTCAGTCTCAGTCAG,TGTGTCTGTCTGTGTGTCAG,GAGACAGTGACAGAGTGTCA,1,0.0016835016835016834
CTGTCACACAGTGAGTGTCT,CTCTGACAGAGACTCAGTCT,ACTGAGACAGAGAGTCAGTG,1,0.0016835016835016834
TCAGTGAGAGAGTGTCAGAC,GTGTCAGACTCTGTCACTCT,CAGACAGTCTCAGACTCACT,1,0.0016835016835016834
GACTCTGAGTGAGTGTCTGA,CTCACACACTCTCAGAGACT,ACTGTCAGTCTGTCTGAGTG,1,0.0016835016835016834
GTGAGTCAGTCAGAGAGACA,AGTCAGTGAGAGAGAGTGAC,ACTGAGACAGAGAGTCAGTG,1,0.0016835016835016834
CTGTCACACAGTGAGTGTCT,ACTGAGAGTCTGTCTCTCAC,ACAGTGAGAGTCACTGAGTG,2,0.003367003367003367
TGTGACTGTCAGTGTGTGAC,GAGTCTGTGTGTCACACAGT,ACAGTGAGAGTCACTGAGTG,1,0.0016835016835016834
AGTCTGACTGACAGTGACTG,ACAGACTCTCTGAGTGACAC,CTGTGTGTCTCTGTGTGTGT,2,0.003367003367003367
GTGAGAGTGTGACAGTGTGA,AGACAGTGTCAGTGTCTCAG,ACTGTCAGTCTGTCTGAGTG,1,0.0016835016835016834
GACACTCTCTGACTCAGACT,GTCTCTGACACTGACTCACA,ACTGAGACAGAGAGTCAGTG,7,0.011784511784511785
